POIID,mean_distance,stddev_distance,radius,req_count,density
POI1,300.71474756868224,388.2733852635428,11531.82083183645,8749,2.0941740389848387e-05
POI3,451.6511492015153,223.63174183102885,1474.5809620285695,8802,0.0012885291457486376
POI4,514.9971719812198,1506.8899707703233,9349.572770487366,422,1.5366644559041767e-06
